,date,total_journeys
0,2015-10-13,31545
1,2017-02-15,24346
2,2015-04-28,31783
3,2012-10-08,23009
4,2016-09-17,27563
5,2015-11-26,26626
6,2012-03-24,35091
7,2015-05-23,23849
8,2012-09-25,33392
9,2014-01-26,6965
10,2012-08-26,31537
11,2016-08-02,28949
12,2017-03-20,24171
13,2012-02-15,19396
14,2013-08-29,31639
15,2013-09-18,24747
16,2013-06-13,26388
17,2016-01-06,23038
18,2017-01-25,25232
19,2014-08-12,33898
20,2014-03-04,22811
21,2013-07-22,33176
22,2012-11-04,11693
23,2012-10-27,17144
24,2012-05-04,22878
25,2012-12-12,22344
26,2013-04-08,21797
27,2015-09-30,34941
28,2017-02-24,26837
29,2014-11-21,23743
30,2017-08-02,26880
31,2014-01-07,17267
32,2016-02-02,24514
33,2012-04-15,8760
34,2016-09-02,34669
35,2017-06-17,41733
36,2017-07-02,42996
37,2014-06-09,34007
38,2013-05-07,30707
39,2014-12-26,7545
40,2015-12-21,18136
41,2017-09-13,31873
42,2016-01-19,23819
43,2013-06-30,31237
44,2012-11-17,20325
45,2014-09-08,36686
46,2015-01-04,9234
47,2016-04-11,24262
48,2013-03-04,23036
49,2014-08-31,32795
50,2017-05-19,28734
51,2016-03-26,11109
52,2012-05-17,28309
53,2016-10-06,35359
54,2015-03-09,24037
55,2015-09-28,33138
56,2017-06-02,34463
57,2014-07-07,35756
58,2013-04-29,27644
59,2015-06-07,35407
60,2014-12-13,17995
61,2016-02-21,14670
62,2017-08-23,34134
63,2013-01-17,22207
64,2016-12-07,29760
65,2015-07-08,41703
66,2017-07-17,41812
67,2014-06-28,19890
68,2016-06-20,22382
69,2016-05-29,31252
70,2015-08-06,63468
71,2012-07-04,29540
72,2015-01-27,25000
73,2014-05-22,30539
74,2017-04-25,32384
75,2016-04-22,20532
76,2016-11-14,24842
77,2012-06-19,34359
78,2013-12-17,15493
79,2014-04-01,29476
80,2015-02-03,19869
81,2017-05-14,30185
82,2013-03-19,22479
83,2016-10-25,33314
84,2014-10-14,28081
85,2013-09-13,15392
86,2012-01-27,20775
87,2016-07-16,38933
88,2015-08-13,25974
89,2014-07-16,41845
90,2015-03-28,18986
91,2013-01-12,13559
92,2016-06-07,35137
93,2013-10-04,25926
94,2017-10-20,30535
95,2014-03-25,19234
96,2014-02-26,23700
97,2015-04-18,29595
98,2016-12-18,15189
99,2012-03-18,19184
100,2014-05-11,17420
101,2015-10-07,28629
102,2016-05-14,30450
103,2017-02-05,14590
104,2017-03-14,30857
105,2012-02-05,3531
106,2013-08-07,33084
107,2015-05-01,29579
108,2012-09-15,36086
109,2015-11-16,26507
110,2016-08-20,24734
111,2015-02-16,16381
112,2012-08-20,37610
113,2016-07-13,36163
114,2012-01-12,20879
115,2013-09-24,28012
116,2017-10-01,22322
117,2012-11-14,31453
118,2014-03-10,24109
119,2013-07-08,34263
120,2012-12-22,5644
121,2017-01-15,6772
122,2015-10-20,32718
123,2012-03-15,29969
124,2017-02-22,27333
125,2014-11-11,28666
126,2012-10-01,23627
127,2014-02-09,11519
128,2015-04-07,29441
129,2016-09-08,41034
130,2012-04-01,28311
131,2012-09-16,29394
132,2013-05-13,24836
133,2014-01-17,17255
134,2017-03-29,30024
135,2016-02-08,19852
136,2013-08-20,33578
137,2016-01-09,11583
138,2013-06-20,29959
139,2017-09-03,21382
140,2017-07-12,38551
141,2014-09-02,36538
142,2015-12-27,9378
143,2014-08-21,32845
144,2017-01-18,27206
145,2013-07-31,28976
146,2012-11-27,20388
147,2015-09-05,22317
148,2012-05-15,16333
149,2012-12-05,23111
150,2013-03-14,21984
151,2015-06-23,37472
152,2013-04-07,18090
153,2016-03-12,21573
154,2014-11-28,26401
155,2013-05-16,26070
156,2016-02-27,14745
157,2015-07-24,16034
158,2012-04-20,20460
159,2017-06-24,30278
160,2014-07-13,32790
161,2017-07-27,32640
162,2014-06-06,37044
163,2014-12-19,21767
164,2012-07-14,16135
165,2016-01-26,20224
166,2017-09-22,35408
167,2015-09-13,26166
168,2013-02-22,18313
169,2012-06-25,33345
170,2013-12-11,18887
171,2015-01-13,24697
172,2015-09-25,34783
173,2013-03-29,10909
174,2017-04-19,32582
175,2014-04-23,26830
176,2015-08-16,30616
177,2012-05-24,38783
178,2016-10-15,23780
179,2014-10-24,28737
180,2017-05-04,31362
181,2017-06-13,41337
182,2015-08-30,24972
183,2014-07-30,42566
184,2015-03-02,22258
185,2013-04-20,26724
186,2012-01-17,20170
187,2014-12-06,17220
188,2013-10-10,22978
189,2017-08-30,22002
190,2013-01-26,14595
191,2012-07-19,33714
192,2016-12-12,25528
193,2014-06-21,41756
194,2016-06-29,31556
195,2016-05-04,36567
196,2016-01-27,21708
197,2013-02-11,13468
198,2013-11-09,6644
199,2014-02-20,19209
200,2015-05-11,33719
201,2014-05-29,28911
202,2016-11-21,19423
203,2013-12-24,6116
204,2012-02-19,12655
205,2015-02-26,20036
206,2012-08-14,38083
207,2014-04-10,28982
208,2015-11-06,25431
209,2014-10-07,31147
210,2013-09-06,20930
211,2016-08-30,39993
212,2015-03-21,16116
213,2016-07-07,39673
214,2016-06-08,34621
215,2013-10-31,19614
216,2014-03-16,33881
217,2013-07-02,30163
218,2017-10-15,32014
219,2014-02-03,20224
220,2015-04-29,26030
221,2012-10-15,30582
222,2016-12-27,11003
223,2012-12-24,7985
224,2012-03-25,28607
225,2015-05-22,33435
226,2015-10-14,30579
227,2017-02-12,10278
228,2014-11-01,31390
229,2017-03-23,27689
230,2013-08-30,31127
231,2012-02-14,17946
232,2012-09-06,39540
233,2015-11-25,26000
234,2016-09-22,38448
235,2016-08-13,43801
236,2014-01-27,18130
237,2012-08-29,30649
238,2013-06-02,27208
239,2015-12-01,26559
240,2013-09-17,18009
241,2015-09-21,23676
242,2016-01-07,18083
243,2014-03-05,24848
244,2013-07-17,35232
245,2012-11-05,27666
246,2012-12-15,16962
247,2014-08-03,41044
248,2017-01-24,26611
249,2017-02-25,14139
250,2014-11-18,25785
251,2015-04-14,34519
252,2012-10-26,26404
253,2012-05-05,14275
254,2012-04-14,23941
255,2016-09-03,23812
256,2013-04-09,17555
257,2014-01-08,19553
258,2013-05-06,29015
259,2014-12-25,38139
260,2016-02-01,23606
261,2015-09-29,34436
262,2016-01-16,16091
263,2017-09-12,31598
264,2015-06-13,30298
265,2017-07-05,46157
266,2014-06-08,43852
267,2015-01-07,22332
268,2014-09-09,37345
269,2015-12-18,25730
270,2012-06-15,28162
271,2015-06-12,35172
272,2014-08-30,30340
273,2012-11-18,21664
274,2016-10-05,36342
275,2012-05-22,34386
276,2016-04-10,23781
277,2013-03-07,17322
278,2013-04-30,29219
279,2017-05-18,23394
280,2016-03-27,10028
281,2016-02-20,11136
282,2017-08-16,36719
283,2012-04-29,8778
284,2014-07-04,37847
285,2015-03-08,20017
286,2017-06-03,38643
287,2016-01-11,21092
288,2014-12-12,20225
289,2013-11-03,12660
290,2012-07-05,37215
291,2015-01-26,22710
292,2013-01-16,22457
293,2016-12-06,28347
294,2015-08-03,35402
295,2016-11-15,28812
296,2013-12-18,17089
297,2012-06-18,28364
298,2013-02-01,18080
299,2016-05-26,37539
300,2013-03-18,15852
301,2016-04-25,24389
302,2016-10-24,30375
303,2017-04-26,28389
304,2014-05-23,30192
305,2015-02-12,23227
306,2014-10-17,32251
307,2017-05-13,29547
308,2014-07-17,41917
309,2015-03-27,26348
310,2012-01-24,13269
311,2013-09-12,24246
312,2013-10-05,22203
313,2017-10-21,21912
314,2016-07-17,38387
315,2013-01-03,21269
316,2013-11-30,13062
317,2016-12-21,23343
318,2016-06-06,39582
319,2016-05-15,34821
320,2015-04-19,19736
321,2012-09-12,35318
322,2014-05-04,32493
323,2016-09-28,38899
324,2012-03-19,28391
325,2016-11-28,27022
326,2013-08-08,33737
327,2012-08-23,36277
328,2015-02-17,25064
329,2015-11-15,17594
330,2012-02-04,8348
331,2017-03-09,31174
332,2012-01-13,19691
333,2016-08-23,42559
334,2016-07-14,40408
335,2013-10-22,21918
336,2013-07-11,33792
337,2012-11-15,30165
338,2017-10-06,34544
339,2014-03-11,23628
340,2015-04-04,13633
341,2014-02-08,10736
342,2017-01-14,13776
343,2015-07-11,42091
344,2012-12-17,22899
345,2012-09-17,35594
346,2015-10-21,18922
347,2014-11-08,17163
348,2017-02-23,22561
349,2017-03-28,32314
350,2013-08-21,33215
351,2016-09-09,36574
352,2017-07-15,30691
353,2014-01-18,15070
354,2013-05-12,15918
355,2015-12-24,8908
356,2015-06-28,25706
357,2013-06-21,28844
358,2016-01-14,22186
359,2017-09-02,34562
360,2013-07-30,22742
361,2015-08-11,34318
362,2012-11-28,21403
363,2014-09-03,36130
364,2015-07-03,39611
365,2012-12-04,26144
366,2017-01-17,27283
367,2014-08-20,36415
368,2014-11-29,23814
369,2012-10-19,21001
370,2012-05-12,28254
371,2012-04-23,17374
372,2017-06-25,31039
373,2016-03-13,21687
374,2015-08-22,44187
375,2013-05-31,29136
376,2015-06-20,26295
377,2014-12-18,22994
378,2017-08-10,35310
379,2016-02-26,23580
380,2017-09-21,30476
381,2015-08-19,31640
382,2017-07-26,33629
383,2014-06-01,36142
384,2014-09-16,37152
385,2015-01-12,17199
386,2016-05-16,37469
387,2012-07-15,27561
388,2013-12-04,19841
389,2017-04-20,33642
390,2013-02-23,11234
391,2012-06-24,21541
392,2016-11-01,32334
393,2014-10-27,33334
394,2012-05-25,38173
395,2016-10-14,32644
396,2016-04-03,25335
397,2013-03-28,18052
398,2013-04-21,22466
399,2017-05-27,35368
400,2014-04-22,22468
401,2016-03-18,23047
402,2017-08-31,35158
403,2015-03-01,15641
404,2017-06-10,36804
405,2014-07-31,41441
406,2014-06-20,36494
407,2016-06-28,31701
408,2014-12-05,22703
409,2013-10-11,15302
410,2012-07-28,41167
411,2013-11-08,14973
412,2014-02-23,13504
413,2013-01-25,20178
414,2016-12-15,28480
415,2016-11-22,27724
416,2013-12-25,26613
417,2016-05-05,39154
418,2013-02-08,20571
419,2015-11-05,24503
420,2017-03-03,22935
421,2014-10-06,24117
422,2014-05-30,30984
423,2015-05-10,32226
424,2017-04-01,28241
425,2012-08-01,37887
426,2016-08-25,38249
427,2012-02-18,9463
428,2014-04-09,29343
429,2015-02-27,24367
430,2017-10-23,29885
431,2015-03-20,25226
432,2013-09-05,33574
433,2013-10-28,14309
434,2017-10-12,35598
435,2014-03-17,26191
436,2016-07-24,39123
437,2015-07-27,31904
438,2016-12-26,11637
439,2012-12-27,9013
440,2015-09-11,34426
441,2016-06-15,37742
442,2015-06-15,34558
443,2017-02-13,24178
444,2014-02-02,15617
445,2015-04-26,19427
446,2012-10-14,25446
447,2015-05-25,29502
448,2012-09-07,41031
449,2015-11-24,21175
450,2016-09-23,38970
451,2012-03-26,32368
452,2014-01-28,19729
453,2012-08-28,36965
454,2017-03-22,23770
455,2012-02-13,13192
456,2013-08-31,29718
457,2013-09-16,21307
458,2015-08-27,30528
459,2016-01-04,20533
460,2016-08-12,40646
461,2015-07-19,36693
462,2015-12-14,23835
463,2013-06-03,29949
464,2012-11-06,27038
465,2014-03-02,11539
466,2013-07-16,35581
467,2012-10-25,29593
468,2015-04-15,37470
469,2012-12-14,17085
470,2017-01-07,13881
471,2014-08-02,37084
472,2013-04-10,22240
473,2015-10-28,23881
474,2014-11-19,28459
475,2012-04-09,5475
476,2014-06-11,39217
477,2017-07-04,43784
478,2013-05-05,24342
479,2014-01-09,18969
480,2014-12-24,10287
481,2015-12-19,18754
482,2016-01-17,11762
483,2015-09-08,32781
484,2013-06-28,22074
485,2017-09-11,26144
486,2012-11-19,28127
487,2014-09-10,36743
488,2015-01-06,20613
489,2015-06-09,33255
490,2013-03-06,24324
491,2016-04-13,32108
492,2012-06-14,28722
493,2014-08-29,31980
494,2017-05-17,19043
495,2016-10-04,37163
496,2012-05-23,37301
497,2012-04-28,6932
498,2014-07-05,26905
499,2015-08-09,40441
500,2016-03-04,23970
501,2014-12-11,22827
502,2015-09-16,18653
503,2015-09-01,25556
504,2016-02-19,22173
505,2017-08-17,31645
506,2017-09-30,28341
507,2013-01-23,19404
508,2017-07-19,39341
509,2014-06-30,31852
510,2015-01-21,22782
511,2016-05-27,36133
512,2012-07-06,22399
513,2013-11-02,14913
514,2017-04-27,26830
515,2014-05-16,35809
516,2012-06-17,26326
517,2013-12-19,17539
518,2016-11-08,26383
519,2016-10-23,23834
520,2014-10-16,31077
521,2017-05-12,32623
522,2016-04-24,18873
523,2013-03-21,22061
524,2012-01-25,20836
525,2015-02-13,17699
526,2016-07-18,43711
527,2014-07-22,42410
528,2015-03-26,20305
529,2016-06-05,40909
530,2013-10-02,25887
531,2013-11-17,11984
532,2015-04-16,30489
533,2014-02-28,13608
534,2013-01-02,16203
535,2016-12-20,25120
536,2016-11-29,27848
537,2012-03-20,30817
538,2016-05-12,38585
539,2015-10-01,34562
540,2015-11-14,8898
541,2017-03-08,24559
542,2015-05-03,21165
543,2012-09-13,37634
544,2017-04-08,38891
545,2014-05-05,33273
546,2016-09-29,34863
547,2016-08-22,36093
548,2012-02-27,20936
549,2013-08-09,28206
550,2015-02-18,25132
551,2012-08-22,39608
552,2016-07-15,37047
553,2012-01-10,20548
554,2013-09-30,26525
555,2013-10-23,23667
556,2014-03-08,25103
557,2013-07-10,33629
558,2017-10-07,24897
559,2017-01-13,20969
560,2015-06-01,27864
561,2012-12-16,14128
562,2015-10-22,30326
563,2017-02-20,28688
564,2014-11-09,23739
565,2014-02-11,18356
566,2015-04-05,19369
567,2012-10-07,27168
568,2012-09-30,24951
569,2012-04-03,23464
570,2016-09-14,44999
571,2012-03-01,25116
572,2014-01-19,15803
573,2013-05-11,16627
574,2017-03-31,30733
575,2015-09-24,29396
576,2013-08-22,22363
577,2017-09-01,35466
578,2016-01-15,22446
579,2016-08-05,40579
580,2017-07-14,38932
581,2015-06-25,38673
582,2014-09-04,35077
583,2013-06-10,27336
584,2015-12-25,22423
585,2017-01-16,19252
586,2013-07-25,33683
587,2012-11-29,26212
588,2012-10-18,32566
589,2012-05-13,26571
590,2012-12-07,20140
591,2014-08-11,30946
592,2016-03-14,25448
593,2015-07-16,39306
594,2013-04-01,9468
595,2014-11-26,22733
596,2017-06-22,39714
597,2016-02-25,24174
598,2017-08-11,34096
599,2012-04-22,17988
600,2017-07-29,23339
601,2015-08-04,37644
602,2013-05-30,22150
603,2014-12-17,21916
604,2012-07-08,14351
605,2016-01-24,16360
606,2017-09-20,34459
607,2013-02-20,20938
608,2016-11-02,32369
609,2015-01-15,22968
610,2014-09-17,38162
611,2016-05-17,36810
612,2016-04-02,24786
613,2013-03-31,9007
614,2012-06-07,20846
615,2013-12-05,18193
616,2017-04-21,31517
617,2014-04-21,20219
618,2017-05-26,43709
619,2016-03-19,17903
620,2016-10-13,30832
621,2014-10-26,26152
622,2012-05-30,35729
623,2014-07-28,35834
624,2017-06-11,33054
625,2013-04-22,25384
626,2015-08-12,36548
627,2014-12-04,19840
628,2013-10-08,26851
629,2017-08-24,34245
630,2013-01-24,20721
631,2016-06-19,31412
632,2016-12-14,29158
633,2014-06-23,34878
634,2013-02-09,11274
635,2016-05-02,19724
636,2013-11-11,14116
637,2012-07-29,23886
638,2014-02-22,19663
639,2017-04-02,31143
640,2014-05-31,34518
641,2015-05-13,36699
642,2016-11-23,29118
643,2013-12-26,7495
644,2012-02-17,19444
645,2014-10-09,26319
646,2014-04-08,26388
647,2015-11-04,23462
648,2016-04-17,27288
649,2017-03-02,26984
650,2013-09-04,33407
651,2015-02-04,21850
652,2016-08-24,41140
653,2015-08-29,22618
654,2017-07-16,31595
655,2015-06-17,38591
656,2015-03-19,24077
657,2014-03-30,26186
658,2016-06-14,30218
659,2013-10-29,22688
660,2017-10-13,33450
661,2012-10-13,26289
662,2014-02-05,28928
663,2015-04-27,30489
664,2013-01-11,23868
665,2012-12-26,10405
666,2016-12-29,14228
667,2012-03-27,34573
668,2017-02-02,25627
669,2015-10-08,33676
670,2015-11-23,23908
671,2012-02-12,8020
672,2017-03-17,26490
673,2012-09-04,39909
674,2014-05-12,25937
675,2015-05-24,30018
676,2016-09-20,37660
677,2016-08-15,41821
678,2012-08-31,37011
679,2014-01-29,10483
680,2015-06-18,38687
681,2015-06-02,27939
682,2016-01-05,22805
683,2013-09-23,26041
684,2015-09-07,31692
685,2013-07-19,35196
686,2012-11-07,29537
687,2014-03-03,17961
688,2015-07-06,38620
689,2014-08-01,39078
690,2017-01-06,18975
691,2012-12-09,14147
692,2015-10-29,27339
693,2014-11-16,17529
694,2015-04-12,29204
695,2012-10-24,33882
696,2016-09-01,40353
697,2012-04-08,14500
698,2015-08-20,32554
699,2012-03-08,24123
700,2013-04-11,19240
701,2014-01-10,18593
702,2013-05-04,19156
703,2016-02-15,21789
704,2015-09-15,28066
705,2013-06-29,29054
706,2016-01-22,18328
707,2017-09-10,20826
708,2015-07-30,36145
709,2017-07-07,43559
710,2014-06-10,39759
711,2014-09-11,34957
712,2015-01-01,9433
713,2015-12-16,25558
714,2015-07-21,40696
715,2012-06-13,31365
716,2014-08-28,31481
717,2012-11-20,25921
718,2013-03-09,14244
719,2012-05-20,20274
720,2016-10-03,35903
721,2015-08-28,32950
722,2016-04-12,31065
723,2016-03-05,12215
724,2013-04-24,30201
725,2017-05-16,35964
726,2014-07-10,31811
727,2017-08-18,28029
728,2016-02-18,23517
729,2017-06-01,42574
730,2017-07-18,41804
731,2014-06-25,39227
732,2013-05-23,24701
733,2014-12-10,24793
734,2012-07-07,22509
735,2013-11-05,18948
736,2017-09-29,28090
737,2013-01-22,18060
738,2012-06-16,23864
739,2016-11-09,18897
740,2014-09-24,32339
741,2015-01-20,23247
742,2016-05-24,36580
743,2016-04-27,28432
744,2013-03-20,22216
745,2013-12-12,19157
746,2017-04-28,30433
747,2014-05-17,37568
748,2015-02-14,14423
749,2017-05-03,27246
750,2014-04-30,48418
751,2014-10-19,30003
752,2016-10-22,26330
753,2012-01-22,12845
754,2015-03-25,25672
755,2014-07-23,42021
756,2013-10-03,24599
757,2016-07-19,46625
758,2013-01-01,12150
759,2016-12-23,14534
760,2016-06-04,30151
761,2016-05-13,35115
762,2015-10-02,35503
763,2012-07-20,28238
764,2013-11-16,14575
765,2015-04-17,29796
766,2014-05-06,32004
767,2015-05-02,22231
768,2017-04-09,42840
769,2012-09-10,35239
770,2016-11-30,27165
771,2012-03-21,31175
772,2013-08-10,28830
773,2012-02-26,17646
774,2015-02-19,16898
775,2015-11-13,25252
776,2017-03-11,30607
777,2015-09-23,33977
778,2013-09-29,20070
779,2012-01-11,20958
780,2012-08-09,42327
781,2015-07-31,36675
782,2016-08-17,42986
783,2013-07-05,34704
784,2013-10-20,10971
785,2017-10-04,36029
786,2014-03-09,33340
787,2014-02-10,19085
788,2015-04-02,22682
789,2012-10-06,30424
790,2017-01-12,17152
791,2012-12-19,16828
792,2012-03-02,21928
793,2014-11-06,27932
794,2016-10-29,28129
795,2015-10-23,30273
796,2017-02-21,28930
797,2017-03-30,34245
798,2013-08-23,30665
799,2015-05-17,31323
800,2012-04-02,29302
801,2016-09-15,42658
802,2016-08-04,39527
803,2014-01-20,20996
804,2013-05-10,26399
805,2013-06-11,26601
806,2015-06-14,25235
807,2016-01-12,22799
808,2012-11-30,24838
809,2013-07-24,34039
810,2015-12-06,15478
811,2014-09-05,34547
812,2012-12-06,22645
813,2017-01-31,22624
814,2014-08-10,23331
815,2012-05-02,25720
816,2014-11-27,26387
817,2012-10-17,30285
818,2012-04-17,17893
819,2016-03-15,25224
820,2013-04-02,19156
821,2013-05-29,21440
822,2017-08-04,34537
823,2014-01-01,4257
824,2014-12-16,22885
825,2015-06-06,32820
826,2017-06-23,40032
827,2016-02-24,25481
828,2016-01-25,25724
829,2017-09-19,34059
830,2015-08-01,43017
831,2014-06-03,29081
832,2017-07-28,32860
833,2014-09-18,38039
834,2015-01-14,23565
835,2012-07-09,27756
836,2013-12-06,18276
837,2012-06-06,27622
838,2017-04-22,28330
839,2013-02-21,19763
840,2016-11-03,31186
841,2016-10-12,32592
842,2014-10-29,23011
843,2012-05-31,32654
844,2013-03-30,9793
845,2016-04-05,30927
846,2013-04-23,31366
847,2016-03-28,10216
848,2017-05-25,43580
849,2014-04-20,7062
850,2015-03-15,10662
851,2017-08-25,34779
852,2017-06-08,32834
853,2014-07-29,41874
854,2014-06-22,41016
855,2013-10-09,25780
856,2014-12-03,25058
857,2012-07-30,38339
858,2013-11-10,9530
859,2016-12-01,26477
860,2015-10-15,30874
861,2016-06-18,29698
862,2013-01-31,21957
863,2013-02-06,20664
864,2013-12-27,7141
865,2016-11-16,27723
866,2015-01-29,21275
867,2016-05-03,32296
868,2016-04-16,17827
869,2015-11-03,30710
870,2017-04-03,34329
871,2014-05-24,18423
872,2015-05-12,33820
873,2012-08-03,39380
874,2014-04-07,18696
875,2015-02-05,21200
876,2016-08-27,32673
877,2012-02-16,19505
878,2016-10-31,34776
879,2014-10-08,23248
880,2013-09-11,23388
881,2015-03-18,26439
882,2013-10-26,16468
883,2016-07-26,42528
884,2013-01-10,24363
885,2016-12-28,12546
886,2017-10-18,26743
887,2014-03-31,26491
888,2016-06-13,27601
889,2015-10-09,34123
890,2013-11-25,18907
891,2015-04-24,32102
892,2012-10-12,31694
893,2014-02-04,20998
894,2015-05-27,36407
895,2012-09-05,40220
896,2014-05-13,25105
897,2016-09-21,40696
898,2017-02-03,23231
899,2012-03-28,36539
900,2012-02-03,16185
901,2013-08-01,34779
902,2014-01-30,16839
903,2012-08-30,30095
904,2015-06-30,43326
905,2015-11-22,13118
906,2017-03-16,31903
907,2013-09-22,22008
908,2016-08-14,44654
909,2015-12-12,16657
910,2015-07-01,42641
911,2013-06-01,24782
912,2012-11-08,29895
913,2013-07-18,35330
914,2015-04-13,28048
915,2012-10-31,29241
916,2017-01-05,23594
917,2012-12-08,17805
918,2012-03-09,23609
919,2015-10-30,23970
920,2015-06-22,29557
921,2017-02-28,24755
922,2014-11-17,21156
923,2015-08-17,35695
924,2012-09-22,33477
925,2017-08-03,34027
926,2012-04-11,26615
927,2016-09-06,38031
928,2017-07-06,44395
929,2014-01-11,15394
930,2016-02-14,13697
931,2013-05-03,31340
932,2013-06-18,30871
933,2015-12-17,25804
934,2017-09-09,27723
935,2016-01-23,17218
936,2012-11-21,20554
937,2014-09-12,36714
938,2014-08-19,34954
939,2016-04-15,15936
940,2012-06-12,21443
941,2017-05-23,39260
942,2013-03-08,13843
943,2012-05-21,28117
944,2016-10-02,27363
945,2012-04-30,29089
946,2016-03-06,12510
947,2013-04-25,32000
948,2013-05-22,26967
949,2014-12-09,23723
950,2017-06-30,40355
951,2014-07-11,27206
952,2016-02-17,19034
953,2017-08-19,28831
954,2015-09-02,30180
955,2017-09-28,34800
956,2013-01-21,13467
957,2017-08-09,11423
958,2017-07-21,37969
959,2014-06-24,37665
960,2015-01-23,21892
961,2014-09-25,34990
962,2016-05-25,31979
963,2013-11-04,19938
964,2013-12-13,16766
965,2014-05-18,42948
966,2017-04-29,28480
967,2013-02-28,21985
968,2016-11-10,26101
969,2016-10-21,30844
970,2014-10-18,28415
971,2016-04-26,27862
972,2013-03-23,5249
973,2014-04-29,45802
974,2015-02-15,16952
975,2017-05-02,32946
976,2015-07-25,32608
977,2016-07-20,45220
978,2012-01-23,20193
979,2014-07-20,33843
980,2015-03-24,24083
981,2017-10-24,32771
982,2013-11-19,20020
983,2012-07-21,31931
984,2016-06-27,33752
985,2016-12-22,21682
986,2012-03-22,31135
987,2015-10-03,28956
988,2016-05-10,21705
989,2015-11-12,28962
990,2017-03-10,28169
991,2017-04-10,31225
992,2014-05-07,28544
993,2015-05-05,26488
994,2012-09-11,36945
995,2015-07-17,38505
996,2015-02-28,13529
997,2012-08-08,38698
998,2016-08-16,40899
999,2012-02-25,19349
1000,2013-08-11,29530
1001,2014-10-01,32402
1002,2012-01-08,10487
1003,2013-09-28,21090
1004,2013-10-21,20962
1005,2017-10-05,33984
1006,2016-07-01,28111
1007,2012-12-18,23651
1008,2017-01-11,28291
1009,2014-03-22,18833
1010,2013-07-04,32941
1011,2015-10-16,30075
1012,2012-10-05,23773
1013,2014-02-13,20747
1014,2015-04-03,11298
1015,2012-09-28,31600
1016,2015-05-16,32526
1017,2016-09-12,39787
1018,2012-03-03,17697
1019,2017-02-10,18674
1020,2014-11-07,26489
1021,2013-08-24,7341
1022,2013-05-09,24250
1023,2014-01-21,21512
1024,2017-03-25,28388
1025,2015-09-10,35734
1026,2016-01-13,24586
1027,2016-08-07,38671
1028,2015-12-07,25734
1029,2014-09-06,32861
1030,2015-06-11,38808
1031,2013-06-08,27264
1032,2016-03-17,27060
1033,2013-07-27,25761
1034,2012-10-16,33253
1035,2014-08-09,46375
1036,2017-01-30,25020
1037,2012-12-01,16068
1038,2013-04-03,17801
1039,2016-03-08,23129
1040,2012-05-03,21249
1041,2014-11-24,25587
1042,2015-08-25,28152
1043,2017-06-20,43186
1044,2012-04-16,25681
1045,2014-12-31,12612
1046,2017-07-31,38541
1047,2014-06-02,33179
1048,2014-01-02,15595
1049,2013-05-28,14556
1050,2016-02-07,14101
1051,2017-08-05,27380
1052,2012-07-10,26735
1053,2016-01-30,16381
1054,2017-09-18,30063
1055,2013-02-18,22724
1056,2014-09-19,36317
1057,2015-01-09,22104
1058,2016-04-04,25389
1059,2012-06-05,14108
1060,2013-12-07,13350
1061,2017-04-23,28788
1062,2017-05-24,41655
1063,2014-04-19,21082
1064,2013-03-01,19487
1065,2012-05-28,37686
1066,2016-10-11,35256
1067,2014-10-28,34934
1068,2017-06-09,33712
1069,2016-03-29,18814
1070,2013-04-16,26060
1071,2014-12-02,21366
1072,2014-07-02,40425
1073,2015-03-14,18101
1074,2017-08-26,31058
1075,2015-06-05,34803
1076,2016-06-17,32024
1077,2013-01-30,23414
1078,2014-06-17,37374
1079,2015-01-28,21536
1080,2012-07-31,32441
1081,2013-11-13,21593
1082,2013-12-20,17828
1083,2015-05-15,32343
1084,2017-04-04,30887
1085,2014-05-25,32905
1086,2013-02-07,20852
1087,2016-11-17,27742
1088,2014-10-11,30050
1089,2016-10-30,24183
1090,2012-02-23,23391
1091,2016-04-19,33719
1092,2015-11-02,28033
1093,2015-02-06,20955
1094,2012-08-02,39527
1095,2017-05-11,34000
1096,2014-04-06,16150
1097,2016-08-26,38228
1098,2016-07-27,33761
1099,2015-06-03,35377
1100,2012-01-30,18955
1101,2013-09-10,24572
1102,2015-03-17,25780
1103,2014-03-28,23879
1104,2017-10-19,30374
1105,2016-06-12,18135
1106,2013-10-27,15115
1107,2013-11-24,10247
1108,2014-02-07,19564
1109,2015-04-25,25194
1110,2013-01-09,25339
1111,2016-12-31,11590
1112,2015-08-02,43295
1113,2012-03-29,35964
1114,2015-10-10,29416
1115,2015-09-26,32636
1116,2015-11-21,12751
1117,2016-09-26,35084
1118,2017-03-19,19364
1119,2014-05-14,33788
1120,2015-05-26,34809
1121,2012-09-02,27651
1122,2012-08-17,37297
1123,2016-08-09,40054
1124,2015-06-27,36581
1125,2013-08-02,29109
1126,2012-02-02,16916
1127,2014-01-31,13662
1128,2013-06-06,32866
1129,2013-09-21,21395
1130,2014-03-01,18477
1131,2015-12-13,12291
1132,2016-07-08,37316
1133,2015-08-10,35335
1134,2017-01-04,22144
1135,2012-12-11,23531
1136,2014-08-07,41552
1137,2013-07-13,33509
1138,2012-11-09,29349
1139,2015-10-31,27464
1140,2015-04-10,32052
1141,2012-10-30,30325
1142,2012-09-23,8354
1143,2012-04-10,22596
1144,2016-09-07,40323
1145,2012-03-10,24721
1146,2014-11-14,21159
1147,2016-02-13,9869
1148,2014-01-12,11789
1149,2013-05-02,31245
1150,2017-07-09,39039
1151,2016-01-20,23800
1152,2017-09-08,22615
1153,2015-07-12,23240
1154,2015-12-30,12301
1155,2015-01-03,5714
1156,2014-09-13,33675
1157,2013-06-19,31899
1158,2012-06-11,9034
1159,2012-11-22,27783
1160,2013-03-11,16546
1161,2016-10-01,17836
1162,2017-01-23,23292
1163,2014-08-18,30389
1164,2016-04-14,30924
1165,2016-03-07,22672
1166,2013-04-26,23125
1167,2012-05-10,23823
1168,2017-05-22,40161
1169,2014-07-08,34711
1170,2016-02-16,24386
1171,2012-04-25,11328
1172,2014-06-27,35533
1173,2017-07-20,37167
1174,2013-05-21,27649
1175,2017-08-12,30645
1176,2014-12-08,23290
1177,2013-11-07,22110
1178,2012-07-01,25113
1179,2013-01-20,3727
1180,2017-09-27,33961
1181,2016-05-22,31139
1182,2016-11-11,28095
1183,2014-09-26,35034
1184,2015-01-22,23278
1185,2013-03-22,16233
1186,2016-04-29,25659
1187,2013-12-14,13818
1188,2012-06-30,30480
1189,2017-04-30,27479
1190,2014-05-19,36748
1191,2017-05-01,18545
1192,2014-04-28,29189
1193,2015-02-08,15778
1194,2015-06-19,35966
1195,2016-10-20,32644
1196,2014-10-21,24435
1197,2012-01-20,18703
1198,2014-07-21,38046
1199,2016-03-20,17043
1200,2013-10-01,27108
1201,2015-03-07,27365
1202,2015-08-18,34530
1203,2016-07-21,41793
1204,2016-06-26,29634
1205,2013-01-07,23348
1206,2014-02-17,18816
1207,2016-05-11,27971
1208,2012-07-22,35852
1209,2013-11-18,18154
1210,2016-12-09,30084
1211,2017-04-11,35436
1212,2012-09-08,40483
1213,2015-05-04,26795
1214,2013-02-14,21034
1215,2012-03-23,33635
1216,2016-11-24,28215
1217,2012-02-24,22067
1218,2017-03-05,10661
1219,2013-08-12,30427
1220,2015-11-11,29899
1221,2012-01-09,19472
1222,2012-08-11,40754
1223,2014-04-15,29675
1224,2016-08-19,25867
1225,2015-08-26,23738
1226,2015-07-04,38283
1227,2016-07-02,30811
1228,2013-09-03,31602
1229,2013-07-07,31363
1230,2017-10-10,35076
1231,2014-03-23,17279
1232,2013-10-18,24300
1233,2012-12-29,8498
1234,2012-10-04,35136
1235,2014-02-12,17844
1236,2017-01-10,28106
1237,2014-11-04,23255
1238,2017-02-11,9398
1239,2012-03-04,5062
1240,2015-10-17,24327
1241,2015-11-30,21766
1242,2017-03-24,27582
1243,2015-05-19,28331
1244,2012-09-29,30884
1245,2016-05-19,34687
1246,2016-09-13,44084
1247,2015-07-28,36101
1248,2016-08-06,42586
1249,2012-02-11,9912
1250,2013-08-25,21638
1251,2014-01-22,20828
1252,2013-05-08,26032
1253,2013-06-09,19429
1254,2016-01-02,7195
1255,2013-07-26,34681
1256,2015-12-04,25956
1257,2014-09-07,33739
1258,2017-01-29,9096
1259,2014-08-08,33375
1260,2014-11-25,24135
1261,2012-10-23,31996
1262,2013-04-12,15100
1263,2012-04-19,16871
1264,2016-03-09,19142
1265,2017-08-06,31163
1266,2014-01-03,11527
1267,2016-02-06,13126
1268,2013-05-27,25819
1269,2017-06-21,43961
1270,2014-06-13,39604
1271,2017-09-17,24766
1272,2016-01-31,11019
1273,2014-12-30,12970
1274,2017-07-30,31972
1275,2014-09-20,30543
1276,2015-01-08,15601
1277,2013-06-26,31172
1278,2012-07-11,27677
1279,2012-06-04,20827
1280,2015-06-29,39082
1281,2013-02-19,24525
1282,2014-10-31,35927
1283,2012-05-29,35527
1284,2016-10-10,33069
1285,2014-08-27,31872
1286,2016-04-07,22410
1287,2016-03-30,26516
1288,2013-04-17,25754
1289,2017-05-31,39057
1290,2014-04-18,21819
1291,2015-03-13,25700
1292,2017-06-06,17387
1293,2014-07-03,42664
1294,2017-08-27,33186
1295,2014-06-16,31325
1296,2014-12-01,24752
1297,2016-12-03,18124
1298,2012-07-24,42190
1299,2013-11-12,19117
1300,2016-06-16,31435
1301,2013-01-29,21266
1302,2013-02-04,23017
1303,2016-11-18,26896
1304,2015-01-31,10250
1305,2015-06-08,32587
1306,2016-04-18,28512
1307,2015-11-01,22848
1308,2012-06-23,24684
1309,2013-12-21,5702
1310,2014-05-26,11919
1311,2015-05-14,15609
1312,2015-07-20,31878
1313,2014-04-05,25302
1314,2015-02-07,13149
1315,2017-05-10,36410
1316,2012-08-05,27481
1317,2015-06-24,38940
1318,2014-10-10,32020
1319,2015-07-02,38262
1320,2012-02-22,18112
1321,2013-09-09,17942
1322,2012-01-31,18176
1323,2015-03-16,19824
1324,2013-10-24,25849
1325,2015-09-17,32075
1326,2016-07-28,39068
1327,2013-01-08,25908
1328,2016-06-03,29587
1329,2016-12-30,11687
1330,2017-10-16,34043
1331,2014-03-29,28970
1332,2015-04-22,32381
1333,2015-10-11,27796
1334,2013-11-27,19954
1335,2014-02-06,24927
1336,2014-05-15,34822
1337,2015-05-29,26023
1338,2012-09-03,39570
1339,2017-02-01,23182
1340,2012-03-30,35666
1341,2012-02-01,18208
1342,2013-08-03,34928
1343,2015-11-20,25788
1344,2016-09-27,36094
1345,2017-03-18,7774
1346,2013-09-20,25611
1347,2015-02-20,20715
1348,2012-08-16,34775
1349,2016-08-08,38194
1350,2016-07-09,34530
1351,2015-12-10,23115
1352,2013-06-07,28762
1353,2012-11-10,18018
1354,2014-03-14,27781
1355,2013-07-12,33173
1356,2012-10-29,24276
1357,2015-04-11,25113
1358,2012-12-10,23937
1359,2017-01-03,19622
1360,2014-08-06,37792
1361,2012-03-11,27758
1362,2017-02-18,21298
1363,2014-11-15,22457
1364,2015-10-24,16876
1365,2012-04-05,21925
1366,2012-09-20,35621
1367,2016-09-04,27936
1368,2016-02-12,22819
1369,2013-08-16,25555
1370,2013-05-01,31177
1371,2014-01-13,17541
1372,2013-06-16,19970
1373,2017-09-07,34865
1374,2017-07-08,40220
1375,2016-01-21,23378
1376,2012-11-23,27973
1377,2015-08-07,39486
1378,2014-09-14,31366
1379,2015-01-02,15125
1380,2014-08-17,39247
1381,2017-01-22,15640
1382,2012-06-10,19020
1383,2012-05-11,28542
1384,2017-05-21,33805
1385,2013-03-10,10163
1386,2012-04-24,24913
1387,2013-04-27,17337
1388,2013-05-20,25914
1389,2017-08-13,34468
1390,2017-06-28,33038
1391,2014-07-09,38422
1392,2017-09-26,36489
1393,2014-12-23,16435
1394,2017-07-23,26434
1395,2014-06-26,35088
1396,2014-09-27,34545
1397,2015-01-17,15268
1398,2015-09-27,29817
1399,2012-07-02,22586
1400,2013-11-06,18123
1401,2012-06-29,32278
1402,2013-12-15,8406
1403,2016-11-04,22145
1404,2016-05-23,35480
1405,2013-02-26,19595
1406,2013-03-25,17290
1407,2016-10-19,33997
1408,2014-10-20,31288
1409,2016-04-28,28901
1410,2016-03-21,25852
1411,2014-04-27,21037
1412,2015-02-09,23858
1413,2014-07-26,43080
1414,2015-03-06,25337
1415,2016-07-22,36406
1416,2012-01-21,13339
1417,2015-06-16,37923
1418,2013-10-14,18545
1419,2012-07-23,39001
1420,2016-12-08,28662
1421,2013-11-21,18367
1422,2016-06-25,26367
1423,2013-01-06,13622
1424,2013-02-15,22952
1425,2015-07-15,34574
1426,2016-11-25,27697
1427,2014-02-16,18171
1428,2016-05-08,45495
1429,2015-07-09,72504
1430,2013-12-28,10338
1431,2015-05-07,31144
1432,2012-09-09,38509
1433,2017-04-12,32601
1434,2014-05-01,16450
1435,2012-08-10,43347
1436,2014-04-14,28469
1437,2016-08-18,39475
1438,2014-10-03,37438
1439,2017-03-04,21592
1440,2013-08-13,30933
1441,2012-01-06,17713
1442,2013-09-02,31294
1443,2013-10-19,16878
1444,2016-07-03,34264
1445,2015-08-15,33739
1446,2017-01-09,38091
1447,2015-07-07,37908
1448,2014-03-20,23478
1449,2013-07-06,34191
1450,2017-10-11,32058
1451,2012-10-11,25324
1452,2015-09-04,29709
1453,2015-10-18,23070
1454,2012-12-28,10947
1455,2014-02-15,11041
1456,2015-04-01,23539
1457,2015-05-18,24288
1458,2012-09-26,26977
1459,2017-02-08,25773
1460,2014-11-05,27604
1461,2012-03-05,19342
1462,2013-08-26,27802
1463,2012-02-10,15117
1464,2014-01-23,19844
1465,2015-11-29,11392
1466,2016-09-18,29863
1467,2017-03-27,30957
1468,2012-08-25,17553
1469,2015-08-23,27001
1470,2016-08-01,30107
1471,2015-12-05,16511
1472,2016-01-03,4869
1473,2013-06-14,28797
1474,2013-07-21,30075
1475,2012-11-01,26888
1476,2012-10-22,27294
1477,2017-01-28,17542
1478,2012-12-03,23592
1479,2014-08-15,31489
1480,2014-11-22,17941
1481,2016-03-10,23504
1482,2012-05-01,22260
1483,2016-05-01,29747
1484,2017-06-18,38636
1485,2013-04-13,11291
1486,2012-04-18,14788
1487,2014-12-29,12291
1488,2016-02-05,22597
1489,2017-08-07,31983
1490,2014-01-04,6826
1491,2013-05-26,27264
1492,2013-06-27,27310
1493,2017-07-01,36198
1494,2014-06-12,39639
1495,2016-01-28,25324
1496,2017-09-16,25573
1497,2013-02-16,19072
1498,2015-12-22,17458
1499,2015-01-11,14575
1500,2014-09-21,32893
1501,2014-08-26,18217
1502,2016-04-06,24244
1503,2012-06-03,11064
1504,2013-12-01,11514
1505,2012-05-18,28136
1506,2014-04-17,27388
1507,2017-05-30,37518
1508,2013-03-03,14520
1509,2016-10-09,25423
1510,2014-10-30,32054
1511,2016-03-31,28304
1512,2017-04-05,34038
1513,2013-04-18,23979
1514,2017-08-20,24986
1515,2015-03-12,28131
1516,2017-06-07,34880
1517,2013-01-28,18689
1518,2016-06-23,25201
1519,2014-06-19,35805
1520,2015-01-30,21171
1521,2015-09-12,28848
1522,2016-12-02,26229
1523,2013-11-15,20519
1524,2012-07-25,41530
1525,2013-12-22,9103
1526,2012-06-22,29970
1527,2017-04-06,36054
1528,2014-05-27,14280
1529,2013-02-05,21177
1530,2016-05-30,24069
1531,2016-11-19,18305
1532,2016-10-28,33781
1533,2012-02-21,20861
1534,2014-10-13,13131
1535,2016-04-21,31937
1536,2017-05-09,33212
1537,2014-04-04,27092
1538,2015-08-31,9639
1539,2012-08-04,35826
1540,2015-03-31,22766
1541,2015-07-23,39092
1542,2016-07-29,35744
1543,2012-01-28,13272
1544,2013-09-08,18046
1545,2017-10-17,34321
1546,2015-09-20,31141
1547,2014-03-26,20284
1548,2013-10-25,23222
1549,2013-11-26,20198
1550,2016-12-17,17483
1551,2016-06-02,29189
1552,2013-01-15,22795
1553,2015-10-04,29884
1554,2012-03-31,23038
1555,2017-02-06,24313
1556,2017-06-14,44864
1557,2014-02-25,20482
1558,2015-04-23,32773
1559,2016-09-24,36256
1560,2015-11-19,23695
1561,2014-05-08,19161
1562,2015-05-28,34387
1563,2012-08-19,34905
1564,2015-02-21,16198
1565,2016-08-11,38069
1566,2017-03-13,32297
1567,2013-08-04,32580
1568,2013-09-27,26758
1569,2013-06-04,32396
1570,2016-07-10,29592
1571,2015-12-11,23259
1572,2014-08-05,39768
1573,2017-01-02,11979
1574,2013-07-15,34419
1575,2012-11-11,20971
1576,2017-10-02,33162
1577,2014-03-15,29139
1578,2015-06-04,39451
1579,2015-10-25,23410
1580,2015-07-14,35348
1581,2012-12-21,20395
1582,2015-04-08,30643
1583,2012-10-28,15305
1584,2012-09-21,32056
1585,2016-09-05,28246
1586,2014-11-12,24634
1587,2017-02-19,19186
1588,2012-03-12,28856
1589,2013-08-17,23931
1590,2014-01-14,20528
1591,2015-09-18,29829
1592,2016-02-11,25186
1593,2012-04-04,25219
1594,2017-07-11,25955
1595,2015-12-28,13732
1596,2014-09-15,36276
1597,2013-06-17,28612
1598,2016-01-10,14320
1599,2017-09-06,35771
1600,2012-11-24,8902
1601,2012-06-09,26735
1602,2013-03-13,20245
1603,2017-01-21,17555
1604,2014-08-16,46505
1605,2015-11-10,29206
1606,2016-03-01,20704
1607,2012-05-08,26056
1608,2017-05-20,26834
1609,2017-06-29,38184
1610,2014-07-14,38002
1611,2013-04-04,15626
1612,2012-04-27,22001
1613,2014-12-22,18377
1614,2017-07-22,16397
1615,2017-08-14,35608
1616,2013-05-19,23994
1617,2012-07-03,25000
1618,2014-06-05,34235
1619,2017-09-25,29387
1620,2016-05-20,36105
1621,2013-02-27,21484
1622,2014-09-28,37353
1623,2015-01-16,22663
1624,2017-04-16,23094
1625,2012-06-28,36419
1626,2016-11-05,19649
1627,2013-12-08,12827
1628,2015-02-10,24211
1629,2017-05-07,28546
1630,2014-04-26,24781
1631,2013-03-24,6786
1632,2014-10-23,30914
1633,2016-10-18,33065
1634,2012-01-18,17972
1635,2016-03-22,29150
1636,2015-03-05,24896
1637,2015-06-21,30393
1638,2014-07-27,39295
1639,2016-07-23,42134
1640,2016-06-24,36535
1641,2013-01-05,16242
1642,2013-10-15,24094
1643,2014-02-19,21284
1644,2016-05-09,30875
1645,2016-12-11,17741
1646,2012-07-16,21884
1647,2013-11-20,13941
1648,2013-12-29,10769
1649,2014-05-02,26238
1650,2015-05-06,24438
1651,2017-04-13,30394
1652,2013-02-12,20342
1653,2016-11-26,19819
1654,2017-03-07,29174
1655,2014-10-02,36594
1656,2013-08-14,31412
1657,2015-11-09,28474
1658,2016-08-29,34725
1659,2014-04-13,30975
1660,2012-08-13,32992
1661,2015-08-08,38993
1662,2016-07-04,37683
1663,2013-09-01,23891
1664,2012-01-07,12556
1665,2017-10-08,28269
1666,2014-03-21,23591
1667,2013-07-01,31151
1668,2013-10-16,20093
1669,2012-12-31,8865
1670,2014-02-14,12672
1671,2016-06-11,29027
1672,2017-01-08,13538
1673,2017-02-09,22905
1674,2012-03-06,21102
1675,2014-11-02,15691
1676,2015-04-30,31621
1677,2012-10-10,35221
1678,2015-10-19,29952
1679,2015-11-28,16336
1680,2016-09-19,33449
1681,2017-03-26,24135
1682,2015-05-21,34833
1683,2012-09-27,32140
1684,2014-01-24,19042
1685,2012-08-24,32990
1686,2012-02-09,16363
1687,2013-08-27,29563
1688,2013-06-15,16020
1689,2015-12-02,27789
1690,2012-12-02,15227
1691,2017-01-27,23411
1692,2014-08-14,26429
1693,2012-11-02,28748
1694,2014-03-06,24412
1695,2013-07-20,28332
1696,2012-05-06,15621
1697,2012-10-21,15563
1698,2013-04-14,25074
1699,2017-02-26,14963
1700,2014-11-23,5960
1701,2016-03-11,20893
1702,2016-02-04,25154
1703,2013-05-25,21087
1704,2014-01-05,9003
1705,2012-04-13,25014
1706,2017-06-19,41680
1707,2014-06-15,28546
1708,2016-01-29,22526
1709,2014-12-28,9180
1710,2015-12-23,18451
1711,2014-09-22,34847
1712,2015-01-10,14709
1713,2013-06-24,27636
1714,2017-09-15,30957
1715,2013-12-02,19395
1716,2012-06-02,23131
1717,2013-02-17,19043
1718,2013-03-02,15265
1719,2016-04-09,20013
1720,2015-09-09,33116
1721,2016-10-08,27243
1722,2014-08-25,6078
1723,2013-04-19,24297
1724,2016-03-24,19329
1725,2012-05-19,26063
1726,2017-05-29,26509
1727,2014-04-16,30680
1728,2017-06-04,30899
1729,2014-07-01,39086
1730,2015-03-11,27419
1731,2014-12-15,22761
1732,2014-06-18,35105
1733,2016-02-23,25657
1734,2017-08-21,27433
1735,2013-01-19,7843
1736,2015-07-26,12398
1737,2012-07-26,43111
1738,2013-11-14,20669
1739,2016-12-05,26478
1740,2016-06-22,36659
1741,2016-05-31,16227
1742,2013-02-02,15755
1743,2015-01-25,15094
1744,2014-05-20,33323
1745,2016-04-20,34577
1746,2012-06-21,24592
1747,2013-12-23,6190
1748,2016-11-12,9712
1749,2017-04-07,35439
1750,2015-08-24,17400
1751,2012-08-07,34585
1752,2014-04-03,28015
1753,2015-02-01,11305
1754,2013-03-17,7940
1755,2012-02-20,18802
1756,2016-10-27,34232
1757,2014-10-12,22718
1758,2012-01-29,10949
1759,2013-09-15,4828
1760,2015-09-03,30950
1761,2014-07-18,39935
1762,2015-03-30,22106
1763,2016-07-30,46258
1764,2016-06-01,27188
1765,2013-01-14,17427
1766,2013-10-06,23987
1767,2017-10-22,20475
1768,2014-03-27,23238
1769,2015-04-20,32057
1770,2014-02-24,21250
1771,2016-12-16,27931
1772,2013-11-29,19127
1773,2012-03-16,26452
1774,2015-05-31,14998
1775,2012-09-01,32670
1776,2014-05-09,29808
1777,2015-10-05,20741
1778,2017-02-07,27156
1779,2017-03-12,15919
1780,2012-02-07,17722
1781,2013-08-05,23865
1782,2016-09-25,30067
1783,2015-11-18,26445
1784,2015-02-22,9086
1785,2012-08-18,37585
1786,2016-08-10,38949
1787,2016-07-11,32800
1788,2015-12-08,23430
1789,2012-01-14,13843
1790,2013-09-26,28213
1791,2013-06-05,32488
1792,2014-03-12,26878
1793,2013-07-14,32169
1794,2017-10-03,36242
1795,2012-11-12,23680
1796,2012-12-20,12401
1797,2015-04-09,31520
1798,2017-01-01,6536
1799,2014-08-04,39049
1800,2017-02-16,26674
1801,2014-11-13,27519
1802,2012-03-13,27528
1803,2012-10-03,32695
1804,2015-10-26,30364
1805,2012-04-07,15434
1806,2016-09-10,17326
1807,2012-09-18,36676
1808,2013-05-15,24015
1809,2016-07-25,41050
1810,2013-08-18,26910
1811,2014-01-15,19036
1812,2016-02-10,23626
1813,2017-09-05,31221
1814,2015-07-18,38491
1815,2013-06-22,19483
1816,2017-07-10,41266
1817,2015-12-29,15592
1818,2017-01-20,25133
1819,2014-08-23,29539
1820,2013-07-29,30415
1821,2012-11-25,16894
1822,2012-06-08,19872
1823,2012-05-09,19581
1824,2013-03-12,18794
1825,2013-04-05,18059
1826,2012-04-26,19475
1827,2014-11-30,19703
1828,2016-03-02,20635
1829,2016-02-29,23585
1830,2017-08-15,37796
1831,2013-05-18,22272
1832,2017-06-26,42136
1833,2014-07-15,40412
1834,2017-07-25,41029
1835,2014-06-04,25594
1836,2017-09-24,32009
1837,2014-12-21,11692
1838,2015-06-10,35707
1839,2012-07-12,22419
1840,2015-01-19,23034
1841,2014-09-29,31353
1842,2016-11-06,13576
1843,2012-06-27,33762
1844,2013-12-09,19730
1845,2016-05-21,26794
1846,2013-02-24,9404
1847,2013-03-27,19184
1848,2016-10-17,29027
1849,2014-10-22,30295
1850,2017-04-17,20166
1851,2016-04-30,25039
1852,2016-03-23,26837
1853,2015-09-19,33492
1854,2012-05-26,36655
1855,2014-04-25,20158
1856,2015-02-11,23680
1857,2017-05-06,29057
1858,2014-07-24,41982
1859,2015-03-04,24485
1860,2017-06-15,42290
1861,2012-01-19,15441
1862,2013-10-12,16438
1863,2017-08-28,34409
1864,2016-12-10,15063
1865,2013-11-23,12882
1866,2012-07-17,33506
1867,2013-01-04,22435
1868,2013-02-13,21051
1869,2016-05-06,40131
1870,2016-11-27,15655
1871,2014-02-18,19267
1872,2015-08-14,25419
1873,2015-05-09,27810
1874,2015-11-08,18754
1875,2013-12-30,8302
1876,2017-04-14,22367
1877,2014-05-03,30985
1878,2014-04-12,25339
1879,2015-02-24,23688
1880,2012-08-12,38744
1881,2017-03-06,26962
1882,2012-02-29,47384
1883,2013-08-15,30865
1884,2014-10-05,32674
1885,2012-01-04,13936
1886,2016-08-28,26338
1887,2013-10-17,24698
1888,2015-03-23,25592
1889,2016-07-05,40955
1890,2016-06-10,40146
1891,2017-10-09,33455
1892,2014-03-18,25276
1893,2015-07-22,37915
1894,2012-10-09,33483
1895,2014-02-01,13724
1896,2012-12-30,11343
1897,2016-12-25,37401
1898,2012-09-24,21020
1899,2015-05-20,30534
1900,2015-10-12,31292
1901,2012-03-07,17096
1902,2017-02-14,26650
1903,2014-11-03,22117
1904,2012-02-08,16442
1905,2017-03-21,30183
1906,2015-12-31,13889
1907,2013-08-28,32026
1908,2016-09-16,22216
1909,2015-11-27,23517
1910,2012-08-27,27198
1911,2014-01-25,14329
1912,2016-08-03,40735
1913,2015-08-05,38770
1914,2015-12-03,25899
1915,2016-01-01,9797
1916,2013-09-19,18337
1917,2013-06-12,24401
1918,2013-07-23,31624
1919,2012-11-03,21498
1920,2014-03-07,24106
1921,2012-12-13,21710
1922,2012-10-20,25411
1923,2014-08-13,36903
1924,2017-01-26,23862
1925,2014-11-20,28719
1926,2017-02-27,20028
1927,2012-05-07,13808
1928,2012-04-12,23289
1929,2017-06-16,40296
1930,2013-04-15,24923
1931,2015-06-26,37019
1932,2014-12-27,6277
1933,2014-01-06,12942
1934,2013-05-24,12891
1935,2016-02-03,24436
1936,2017-08-01,39429
1937,2013-06-25,31889
1938,2016-01-18,22762
1939,2017-09-14,32507
1940,2017-07-03,40063
1941,2014-06-14,32289
1942,2015-01-05,20372
1943,2015-12-20,13060
1944,2014-09-23,36124
1945,2014-08-24,30440
1946,2012-11-16,28143
1947,2012-06-01,31506
1948,2013-12-03,20076
1949,2012-05-16,28745
1950,2016-10-07,33365
1951,2017-05-28,27979
1952,2016-04-08,27494
1953,2013-03-05,27054
1954,2013-04-28,19139
1955,2016-03-25,25236
1956,2017-08-22,33015
1957,2016-02-22,20463
1958,2017-06-05,30888
1959,2014-07-06,30721
1960,2015-03-10,27674
1961,2014-06-29,26338
1962,2016-06-21,39003
1963,2015-07-13,27416
1964,2014-12-14,14283
1965,2013-11-01,20266
1966,2015-07-10,42779
1967,2015-01-24,17539
1968,2013-01-18,13107
1969,2012-07-27,39234
1970,2016-12-04,15468
1971,2012-06-20,36161
1972,2016-11-13,19295
1973,2013-12-16,13695
1974,2016-05-28,31307
1975,2013-02-03,13572
1976,2013-03-16,9190
1977,2014-10-15,25044
1978,2016-10-26,34364
1979,2017-04-24,28517
1980,2014-05-21,34132
1981,2016-04-23,22060
1982,2015-02-02,21640
1983,2012-08-06,33887
1984,2017-05-15,25942
1985,2014-04-02,28598
1986,2015-03-29,8905
1987,2014-07-19,36416
1988,2016-07-31,46358
1989,2015-07-05,29716
1990,2012-01-26,19515
1991,2013-09-14,12966
1992,2013-10-07,26017
1993,2014-03-24,23825
1994,2015-09-06,29429
1995,2016-12-19,23754
1996,2013-11-28,20358
1997,2013-01-13,12260
1998,2015-10-06,25892
1999,2015-12-15,20201
2000,2017-02-04,17331
2001,2014-02-27,20445
2002,2015-04-21,34908
2003,2012-09-14,36321
2004,2015-11-17,23649
2005,2016-09-30,34148
2006,2012-03-17,13391
2007,2014-05-10,19040
2008,2015-05-30,29206
2009,2015-08-21,35882
2010,2015-02-23,21764
2011,2012-08-21,38815
2012,2017-03-15,34713
2013,2013-08-06,33631
2014,2012-02-06,15202
2015,2013-09-25,27562
2016,2012-01-15,12149
2017,2016-08-21,28660
2018,2015-12-09,27562
2019,2016-07-12,30186
2020,2017-06-27,24203
2021,2014-03-13,27234
2022,2013-07-09,35527
2023,2012-11-13,30511
2024,2015-04-06,25439
2025,2012-10-02,30525
2026,2015-10-27,32436
2027,2012-12-23,9184
2028,2012-09-19,36308
2029,2017-02-17,25887
2030,2012-03-14,28296
2031,2014-11-10,27973
2032,2013-08-19,31184
2033,2016-02-09,23308
2034,2012-04-06,20604
2035,2016-09-11,39997
2036,2017-07-13,42167
2037,2014-01-16,18697
2038,2013-05-14,18054
2039,2015-12-26,10230
2040,2016-01-08,20762
2041,2017-09-04,27918
2042,2013-06-23,19006
2043,2012-11-26,20656
2044,2013-07-28,28177
2045,2014-09-01,27124
2046,2013-03-15,17159
2047,2017-01-19,26848
2048,2014-08-22,33572
2049,2016-03-03,24416
2050,2012-05-14,20979
2051,2012-04-21,20064
2052,2014-07-12,37737
2053,2017-05-08,30452
2054,2013-04-06,18216
2055,2015-07-29,36761
2056,2014-12-20,14550
2057,2015-09-14,25811
2058,2016-02-28,13451
2059,2013-05-17,24932
2060,2017-08-08,33574
2061,2017-09-23,29991
2062,2014-06-07,29543
2063,2017-07-24,32546
2064,2013-02-25,19800
2065,2016-05-18,24347
2066,2012-07-13,26082
2067,2014-09-30,36991
2068,2015-01-18,13199
2069,2017-04-18,29490
2070,2016-11-07,17330
2071,2013-12-10,20198
2072,2012-06-26,34503
2073,2014-10-25,29562
2074,2012-05-27,36284
2075,2017-05-05,31396
2076,2014-04-24,28799
2077,2013-03-26,18384
2078,2016-04-01,27428
2079,2016-10-16,18725
2080,2012-01-16,19136
2081,2015-09-22,20434
2082,2016-03-16,25322
2083,2017-08-29,35014
2084,2017-06-12,36166
2085,2014-07-25,31458
2086,2015-03-03,23845
2087,2016-06-30,35934
2088,2013-10-13,6875
2089,2014-12-07,12649
2090,2014-02-21,21027
2091,2013-01-27,13687
2092,2012-07-18,27053
2093,2013-11-22,18426
2094,2016-12-13,26765
2095,2013-12-31,7597
2096,2016-11-20,10728
2097,2017-04-15,24634
2098,2016-05-07,44561
2099,2013-02-10,4901
2100,2015-11-07,14881
2101,2012-02-28,23423
2102,2017-03-01,24802
2103,2014-10-04,18676
2104,2014-05-28,21785
2105,2015-05-08,26878
2106,2016-08-31,39453
2107,2012-08-15,33291
2108,2014-04-11,28188
2109,2015-02-25,21592
2110,2015-03-22,18618
2111,2016-07-06,42931
2112,2012-01-05,14191
2113,2013-09-07,21279
2114,2013-10-30,24294
2115,2013-07-03,30780
2116,2017-10-14,31423
2117,2014-03-19,26459
2118,2016-12-24,7978
2119,2012-12-25,16816
2120,2016-06-09,41675
